Sample,21-06-2021,12-07-2021,CLI00,ABC,ABC Mumbai Maharashtra,OmegaTB,20-06-2021,21-06-2021,10-02-2022,,,,,,,,,,,,,,,,,,,,,,,,,,,,,,,,,,,,,,,
,,,,,,,,,,Resistant,Resistant,Resistant,Resistant,Resistant,Resistant,Resistant,Resistant,No Resistance detected,No Resistance detected,Resistant,No Resistance detected,No Resistance detected,No Resistance detected,No Resistance detected,No Resistance detected,No Resistance detected,No Resistance detected,,,,,,,,,,,,,,,,,,,,,
,,,,,,,,,,,,,,,,,,,,,,,,,,,,  Detected,240.72,  EAI,1.00,,,,,,,,,,,,,,,,,
Sample,,,CLI00,,,OmegaTB,,,,,,,,,,,,,,,,,,,,,,,,,,Sputum,4,21-06-2021,Pass,1.35,0.31,Culture,150x2 paired end,Suboptimal,21-06-2021,Illumina NovaSeq,10-02-2022,NB501457-HKGN5AFX3,OmegaTB v2.0.1,Pass,HAPL,
,,,,,,,,,,,,,,,,,,,,,,,,,,,,  Detected,240.72,  EAI,1.00,,,,,,,,,,,,,,,,,
Sample,,,CLI00,,,OmegaTB,,,,,,,,,,,,,,,,,,,,,,,,,,Sputum,4,21-06-2021,Pass,1.35,0.31,Culture,150x2 paired end,Suboptimal,21-06-2021,Illumina NovaSeq,10-02-2022,NB501457-HKGN5AFX3,OmegaTB v2.0.1,Pass,HAPL,
Sample,21-06-2021,12-07-2021,CLI00,ABC,ABC Mumbai Maharashtra,OmegaTB,20-06-2021,21-06-2021,10-02-2022,,,,,,,,,,,,,,,,,,,,,,,,,,,,,,,,,,,,,,,
,,,,,,,,,,Resistant,Resistant,Resistant,Resistant,Resistant,Resistant,Resistant,Resistant,No Resistance detected,No Resistance detected,Resistant,No Resistance detected,No Resistance detected,No Resistance detected,No Resistance detected,No Resistance detected,No Resistance detected,No Resistance detected,,,,,,,,,,,,,,,,,,,,,
Sample,21-06-2021,12-07-2021,CLI00,ABC,ABC Mumbai Maharashtra,OmegaTB,20-06-2021,21-06-2021,10-02-2022,,,,,,,,,,,,,,,,,,,,,,,,,,,,,,,,,,,,,,,
,,,,,,,,,,Resistant,Resistant,Resistant,Resistant,Resistant,Resistant,Resistant,Resistant,No Resistance detected,No Resistance detected,Resistant,No Resistance detected,No Resistance detected,No Resistance detected,No Resistance detected,No Resistance detected,No Resistance detected,No Resistance detected,,,,,,,,,,,,,,,,,,,,,
Sample,,,CLI00,,,OmegaTB,,,,,,,,,,,,,,,,,,,,,,,,,,Sputum,4,21-06-2021,Pass,1.35,0.31,Culture,150x2 paired end,Suboptimal,21-06-2021,Illumina NovaSeq,10-02-2022,NB501457-HKGN5AFX3,OmegaTB v2.0.1,Pass,HAPL,
,,,,,,,,,,,,,,,,,,,,,,,,,,,,  Detected,240.72,  EAI,1.00,,,,,,,,,,,,,,,,,
,,,,,,,,,,No Resistance detected,No Resistance detected,No Resistance detected,No Resistance detected,No Resistance detected,No Resistance detected,No Resistance detected,No Resistance detected,No Resistance detected,No Resistance detected,No Resistance detected,No Resistance detected,No Resistance detected,No Resistance detected,No Resistance detected,No Resistance detected,No Resistance detected,No Resistance detected,,,,,,,,,,,,,,,,,,,,,
,,,,,,,,,,,,,,,,,,,,,,,,,,,,  Detected,210.68,  Delhi-,,,,,,,,,,,,,,,,,,1.00
Sample01,21-06-2021,12-07-2021,CLI00,ABC,ABC Mumbai Maharashtra,OmegaTB,20-06-2021,21-06-2021,21-03-2022,,,,,,,,,,,,,,,,,,,,,,,,,,,,,,,,,,,,,,,
Sample01,,,CLI00,,,OmegaTB,,,,,,,,,,,,,,,,,,,,,,,,,,Sputum,4,21-06-2021,Pass,1.35,0.31,Culture,150x2 paired end,Suboptimal,21-06-2021,Illumina NovaSeq,21-03-2022,NB501457-HL32VAFX3,OmegaTB v2.0.1,Pass,HAPL,
